{"observations_loss_sum/train": 5571.43408203125, "_timestamp": 1673686164.0016105, "image_hsr_256/train": 5571.43408203125, "reward_loss/train": 0.0, "kl_loss_sum/train": 109.79826354980469, "kl_loss/train": 109.79826354980469, "predict_pose_loss/train": -2.1907036304473877, "frame": 1715000, "_runtime": 522.2963066101074, "_step": 686, "observations_loss_sum/validation": 6275.765625, "image_hsr_256/validation": 6275.765625, "reward_loss/validation": 0.0, "kl_loss_sum/validation": 135.8976593017578, "kl_loss/validation": 135.8976593017578, "predict_pose_loss/validation": -1.7205443382263184, "_wandb": {"runtime": 522}}