{"observations_loss_sum/train": 67616.8125, "_timestamp": 1670912647.1510613, "image_hsr_256/train": 67616.8125, "reward_loss/train": 0.0, "kl_loss_sum/train": 3.013493061065674, "kl_loss/train": 3.013493061065674, "frame": 45000, "_runtime": 41.74867224693298, "_step": 18, "observations_loss_sum/validation": 68556.1171875, "image_hsr_256/validation": 68556.1171875, "reward_loss/validation": 0.0, "kl_loss_sum/validation": 3.033266544342041, "kl_loss/validation": 3.033266544342041, "_wandb": {"runtime": 41}}