{"observations_loss_sum/train": NaN, "_timestamp": 1670401135.1119504, "observation_image_hsr_256_loss/train": NaN, "reward_loss/train": 0.0, "kl_loss_sum/train": 122.75943756103516, "kl_loss/train": 122.75943756103516, "frame": 20000000, "_runtime": 6478.33912730217, "_step": 8000, "observations_loss_sum/validation": NaN, "observation_image_hsr_256_loss/validation": NaN, "reward_loss/validation": 0.0, "kl_loss_sum/validation": 105.1492691040039, "kl_loss/validation": 105.1492691040039, "_wandb": {"runtime": 6478}}