{"observations_loss_sum/train": 1311.1988525390625, "_timestamp": 1669534586.524726, "observation_image_hsr_256_loss/train": 1311.1988525390625, "reward_loss/train": 0.0, "kl_loss_sum/train": 65.18363189697266, "kl_loss/train": 20.850399017333984, "frame": 75000000, "_runtime": 25114.87670493126, "_step": 30000, "observations_loss_sum/validation": 4572.4091796875, "observation_image_hsr_256_loss/validation": 4572.4091796875, "reward_loss/validation": 0.0, "kl_loss_sum/validation": 109.34184265136719, "kl_loss/validation": 61.28224563598633, "_wandb": {"runtime": 25114}}