{"observations_loss_sum/train": NaN, "_timestamp": 1670578557.737267, "observation_image_hsr_256_loss/train": NaN, "reward_loss/train": 0.0, "kl_loss_sum/train": 146.53956604003906, "kl_loss/train": 146.53956604003906, "frame": 10915000, "_runtime": 3374.2291929721832, "_step": 4366, "observations_loss_sum/validation": NaN, "observation_image_hsr_256_loss/validation": NaN, "reward_loss/validation": 0.0, "kl_loss_sum/validation": 147.41554260253906, "kl_loss/validation": 147.41554260253906, "_wandb": {"runtime": 3374}}