{"observations_loss_sum/train": 6141.810546875, "_timestamp": 1673402476.2021818, "image_hsr_256/train": 6141.810546875, "reward_loss/train": 0.0, "kl_loss_sum/train": 57.1915168762207, "kl_loss/train": 57.1915168762207, "predict_pose_loss/train": -1.364583969116211, "frame": 847500, "_runtime": 447.85997772216797, "_step": 339, "observations_loss_sum/validation": 6305.2783203125, "image_hsr_256/validation": 6305.2783203125, "reward_loss/validation": 0.0, "kl_loss_sum/validation": 65.25189971923828, "kl_loss/validation": 65.25189971923828, "predict_pose_loss/validation": -0.9819848537445068}