{"observations_loss_sum/train": 2184.773681640625, "_timestamp": 1670304641.5128684, "observation_image_hsr_256_loss/train": 2184.773681640625, "reward_loss/train": 0.0, "kl_loss_sum/train": 12.382865905761719, "kl_loss/train": 12.382865905761719, "frame": 25000000, "_runtime": 10491.835793495178, "_step": 10000, "observations_loss_sum/validation": 6529.29296875, "observation_image_hsr_256_loss/validation": 6529.29296875, "reward_loss/validation": 0.0, "kl_loss_sum/validation": 11.660333633422852, "kl_loss/validation": 11.660333633422852, "_wandb": {"runtime": 10491}}