{"observations_loss_sum/train": 2019.357421875, "_timestamp": 1670442731.2425451, "observation_image_hsr_256_loss/train": 2019.357421875, "reward_loss/train": 0.0, "kl_loss_sum/train": 50.30886459350586, "kl_loss/train": 50.30886459350586, "frame": 20000000, "_runtime": 6556.666787147522, "_step": 8000, "observations_loss_sum/validation": 5398.72900390625, "observation_image_hsr_256_loss/validation": 5398.72900390625, "reward_loss/validation": 0.0, "kl_loss_sum/validation": 64.81615447998047, "kl_loss/validation": 64.81615447998047, "_wandb": {"runtime": 6556}}