{"observations_loss_sum/train": NaN, "_timestamp": 1670384824.5434923, "observation_image_hsr_256_loss/train": NaN, "reward_loss/train": 0.0, "kl_loss_sum/train": 162.22984313964844, "kl_loss/train": 162.22984313964844, "frame": 20000000, "_runtime": 6405.053351402283, "_step": 8000, "observations_loss_sum/validation": NaN, "observation_image_hsr_256_loss/validation": NaN, "reward_loss/validation": 0.0, "kl_loss_sum/validation": 163.85560607910156, "kl_loss/validation": 163.85560607910156, "_wandb": {"runtime": 6405}}