{"observations_loss_sum/train": 66700.203125, "_timestamp": 1670919734.1863935, "image_hsr_256/train": 66700.203125, "reward_loss/train": 0.0, "kl_loss_sum/train": 13.215599060058594, "kl_loss/train": 13.215599060058594, "frame": 42500, "_runtime": 43.65802049636841, "_step": 17, "observations_loss_sum/validation": 63658.50390625, "image_hsr_256/validation": 63658.50390625, "reward_loss/validation": 0.0, "kl_loss_sum/validation": 13.19962215423584, "kl_loss/validation": 13.19962215423584, "_wandb": {"runtime": 44}}