{"observations_loss_sum/train": 1870.1717529296875, "_timestamp": 1670435191.010841, "observation_image_hsr_256_loss/train": 1870.1717529296875, "reward_loss/train": 0.0, "kl_loss_sum/train": 45.18454360961914, "kl_loss/train": 45.18454360961914, "frame": 20000000, "_runtime": 6391.41747379303, "_step": 8000, "observations_loss_sum/validation": 5201.3779296875, "observation_image_hsr_256_loss/validation": 5201.3779296875, "reward_loss/validation": 0.0, "kl_loss_sum/validation": 56.845115661621094, "kl_loss/validation": 56.845115661621094, "_wandb": {"runtime": 6391}}