{"observations_loss_sum/train": 1797.326904296875, "_timestamp": 1669492654.308478, "observation_image_hsr_256_loss/train": 1797.326904296875, "reward_loss/train": 0.0, "kl_loss_sum/train": 68.12071990966797, "kl_loss/train": 22.881996154785156, "frame": 25000000, "_runtime": 8380.299309015274, "_step": 10000, "observations_loss_sum/validation": 4311.6142578125, "observation_image_hsr_256_loss/validation": 4311.6142578125, "reward_loss/validation": 0.0, "kl_loss_sum/validation": 91.85235595703125, "kl_loss/validation": 44.17090606689453, "_wandb": {"runtime": 8380}}